name,author,price,original price,pages,publisher,publish type,publish date,available numbers,detail_url
['12 Rules for Life: An Antidote to Chaos'],"
Peterson,JordanB.",38.92,45.85,448,['RH CANADA                     '],Hardcover,23/01/2018,['2167 copies available'],https://opentrolley.com.sg/Book_Detail.aspx?EAN=9780345816023
['Publication Manual of the American Psychological Association'],"
AmericanPsychologicalAssociation",59.94,70.61,272,['AMER PSYCHOLOGICAL ASSN       '],Paperback,28/07/2009,['3740 copies available'],https://opentrolley.com.sg/Book_Detail.aspx?EAN=9781433805615
"['CBT Toolbox for Children and Adolescents: Over 220 Worksheets & Exercises for Trauma, ADHD, Autism, Anxiety, Depression & Conduct Disorders']","
Phifer,Lisa",51.6,60.78,0,['PREMIER EDUCATION SOLUTIONS   '],Spiral,01/09/2017,['642 copies available'],https://opentrolley.com.sg/Book_Detail.aspx?EAN=9781683730750
['Publication Manual of the American Psychological Association'],"
AmericanPsychologicalAssociation",72.72,85.66,272,['AMER PSYCHOLOGICAL ASSN       '],Spiral,01/07/2009,['662 copies available'],https://opentrolley.com.sg/Book_Detail.aspx?EAN=9781433805622
"['First, We Make the Beast Beautiful: A New Journey Through Anxiety']","
Wilson,Sarah",36.49,42.99,320,['DEY STREET BOOKS              '],Hardcover,24/04/2018,['45 copies available'],https://opentrolley.com.sg/Book_Detail.aspx?EAN=9780062836786
"[""Factfulness: Ten Reasons We're Wrong about the World--And Why Things Are Better Than You Think""]","
Rosling,Hans",40.27,47.44,352,['FLATIRON                      '],Hardcover,03/04/2018,['138 copies available'],https://opentrolley.com.sg/Book_Detail.aspx?EAN=9781250107817
"['The Social Leap: The New Evolutionary Science of Who We Are, Where We Come From, and What Makes Us Happy']","
VonHippel,William",39.45,46.47,304,['HARPER WAVE                   '],Hardcover,13/11/2018,['35 copies available'],https://opentrolley.com.sg/Book_Detail.aspx?EAN=9780062740397
"['The Body Keeps the Score: Brain, Mind, and Body in the Healing of Trauma']","
VanDerKolk,Bessel",26.08,30.73,464,['PENGUIN GROUP                 '],Paperback,08/09/2015,['31 copies available'],https://opentrolley.com.sg/Book_Detail.aspx?EAN=9780143127741
['Catafalque (2-Volume Set): Carl Jung and the End of Humanity'],"
Kingsley,Peter",175.75,207.01,848,['LIGHTNING SOURCE INC          '],Hardcover,01/11/2018,['66 copies available'],https://opentrolley.com.sg/Book_Detail.aspx?EAN=9781999638405
"[""Women Rowing North: Navigating Life's Currents and Flourishing as We Age""]","
Pipher,Mary",38.9,45.82,272,['BLOOMSBURY                    '],Hardcover,15/01/2019,['56 copies available'],https://opentrolley.com.sg/Book_Detail.aspx?EAN=9781632869609
"['Mistakes Were Made (But Not by Me): Why We Justify Foolish Beliefs, Bad Decisions, and Hurtful Acts']","
Tavris,Carol",28.03,33.02,400,['MARINER BOOKS                 '],Paperback,20/10/2015,[],https://opentrolley.com.sg/Book_Detail.aspx?EAN=9780544574786
"['Dbt(r) Skills Training Handouts and Worksheets, Second Edition']","
Linehan,MarshaM.",78.88,92.91,422,['GUILFORD PUBN                 '],Paperback,21/10/2014,['76 copies available'],https://opentrolley.com.sg/Book_Detail.aspx?EAN=9781572307810
"['The Mind of the Leader: How to Lead Yourself, Your People, and Your Organization for Extraordinary Results']","
Hougaard,Rasmus",48.24,56.83,256,['HARVARD BUSINESS              '],Hardcover,13/03/2018,[],https://opentrolley.com.sg/Book_Detail.aspx?EAN=9781633693425
['Outliers: The Story of Success'],"
Gladwell,Malcolm",24.37,28.71,309,['BACK BAY BOOKS                '],Paperback,07/06/2011,['205 copies available'],https://opentrolley.com.sg/Book_Detail.aspx?EAN=9780316017930
['Flow: The Psychology of Optimal Experience'],"
Csikszentmihalyi,Mihaly",23.68,27.9,303,['PERENNIAL                     '],Paperback,01/07/2008,['209 copies available'],https://opentrolley.com.sg/Book_Detail.aspx?EAN=9780061339202
['Self to Lose - Self to Find: A Biblical Approach to the 9 Enneagram Types'],"
Vancil,Marilyn",25.15,29.63,208,['REDEMPTION PR                 '],Paperback,03/06/2016,['4860 copies available'],https://opentrolley.com.sg/Book_Detail.aspx?EAN=9781683140382
"[""In Sheep's Clothing: Understanding and Dealing with Manipulative People""]","
Simon,GeorgeK.",22.71,26.76,174,['PARKHURST BROTHERS            '],Paperback,01/04/2010,['97 copies available'],https://opentrolley.com.sg/Book_Detail.aspx?EAN=9781935166306
"[""My Grandmother's Hands: Racialized Trauma and the Pathway to Mending Our Hearts and Bodies""]","
Menakem,Resmaa",26.25,30.92,300,['CENTRAL RECOVERY PR           '],Paperback,19/09/2017,['60 copies available'],https://opentrolley.com.sg/Book_Detail.aspx?EAN=9781942094470
"[""I Hate You--Don't Leave Me: Understanding the Borderline Personality""]","
Kreisman,JeroldJ.",25.56,30.11,271,['PERIGEE BOOKS                 '],Paperback,07/12/2010,[],https://opentrolley.com.sg/Book_Detail.aspx?EAN=9780399536212
"['Men Are from Mars, Women Are from Venus: The Classic Guide to Understanding the Opposite Sex']","
Gray,John",23.95,28.22,368,['HARPER COLLINS                '],Paperback,03/04/2012,['8220 copies available'],https://opentrolley.com.sg/Book_Detail.aspx?EAN=9780060574215
['How Emotions Are Made: The Secret Life of the Brain'],"
Barrett,LisaFeldman",23.35,27.51,448,['RH CANADA                     '],Paperback,23/01/2018,['2167 copies available'],https://opentrolley.com.sg/Book_Detail.aspx?EAN=9781328915436
"['Thinking, Fast and Slow']","
Kahneman,Daniel",26.44,31.15,272,['AMER PSYCHOLOGICAL ASSN       '],Paperback,28/07/2009,['3740 copies available'],https://opentrolley.com.sg/Book_Detail.aspx?EAN=9780374533557
['Who Are You?'],"
Didato,SalvatoreV.",30.86,36.35,0,['PREMIER EDUCATION SOLUTIONS   '],Paperback,01/09/2017,['642 copies available'],https://opentrolley.com.sg/Book_Detail.aspx?EAN=9780316414753
"[""The Red Book: A Reader's Edition""]","
Jung,C.G.",57.78,68.06,272,['AMER PSYCHOLOGICAL ASSN       '],Hardcover,01/07/2009,['662 copies available'],https://opentrolley.com.sg/Book_Detail.aspx?EAN=9780393089080
"[""Quiet: The Power of Introverts in a World That Can't Stop Talking""]","
Cain,Susan",40.6,47.83,320,['DEY STREET BOOKS              '],Hardcover,24/04/2018,['45 copies available'],https://opentrolley.com.sg/Book_Detail.aspx?EAN=9780307352149
['The Anxiety and Worry Workbook: The Cognitive Behavioral Solution'],"
Clark,DavidA.",35.0,41.23,352,['FLATIRON                      '],Paperback,03/04/2018,['138 copies available'],https://opentrolley.com.sg/Book_Detail.aspx?EAN=9781606239186
"[""It's Ok That You're Not Ok: Meeting Grief and Loss in a Culture That Doesn't Understand""]","
Devine,Megan",23.86,28.11,304,['HARPER WAVE                   '],Paperback,13/11/2018,['35 copies available'],https://opentrolley.com.sg/Book_Detail.aspx?EAN=9781622039074
['The Gift of Therapy: An Open Letter to a New Generation of Therapists and Their Patients'],"
Yalom,Irvin",22.34,26.32,464,['PENGUIN GROUP                 '],Paperback,08/09/2015,['31 copies available'],https://opentrolley.com.sg/Book_Detail.aspx?EAN=9780061719615
['Make It Stick: The Science of Successful Learning'],"
Brown,PeterC.",53.27,62.75,848,['LIGHTNING SOURCE INC          '],Hardcover,01/11/2018,['66 copies available'],https://opentrolley.com.sg/Book_Detail.aspx?EAN=9780674729018
"['Enlightenment Now: The Case for Reason, Science, Humanism, and Progress']","
Pinker,Steven",52.3,61.61,272,['BLOOMSBURY                    '],Hardcover,15/01/2019,['56 copies available'],https://opentrolley.com.sg/Book_Detail.aspx?EAN=9780525427575
['The Book of Symbols: Reflections on Archetypal Images'],"
ArchiveforResearchinArchetypalSymbo",78.1,92.0,400,['MARINER BOOKS                 '],Hardcover,20/10/2015,[],https://opentrolley.com.sg/Book_Detail.aspx?EAN=9783836514484
['Aware: The Science and Practice of Presence--The Groundbreaking Meditation Practice'],"
Siegel,Daniel",41.29,48.64,422,['GUILFORD PUBN                 '],Hardcover,21/10/2014,['76 copies available'],https://opentrolley.com.sg/Book_Detail.aspx?EAN=9781101993040
"['Love Yourself, Heal Your Life Workbook']","
Hay,LouiseL.",24.83,29.25,256,['HARVARD BUSINESS              '],Paperback,13/03/2018,[],https://opentrolley.com.sg/Book_Detail.aspx?EAN=9780937611692
"['David and Goliath: Underdogs, Misfits, and the Art of Battling Giants']","
Gladwell,Malcolm",25.67,30.24,309,['BACK BAY BOOKS                '],Paperback,07/06/2011,['205 copies available'],https://opentrolley.com.sg/Book_Detail.aspx?EAN=9780316204378
"[""Mastering APA Style: Student's Workbook and Training Guide""]","
AmericanPsychologicalAssociation",52.87,62.28,303,['PERENNIAL                     '],Spiral,01/07/2008,['209 copies available'],https://opentrolley.com.sg/Book_Detail.aspx?EAN=9781433805578
"[""The Boy Who Was Raised as a Dog: And Other Stories from a Child Psychiatrist's Notebook--What Traumatized Children Can Teach Us about Loss, Love, and""]","
Perry,BruceD.",29.98,35.32,208,['REDEMPTION PR                 '],Paperback,03/06/2016,['4860 copies available'],https://opentrolley.com.sg/Book_Detail.aspx?EAN=9780465094455
['Finish This Book'],"
Smith,Keri",24.28,28.6,174,['PARKHURST BROTHERS            '],Paperback,01/04/2010,['97 copies available'],https://opentrolley.com.sg/Book_Detail.aspx?EAN=9780399536892
['The Wounded Heart: Hope for Adult Victims of Childhood Sexual Abuse'],"
Allender,Dan",24.83,29.25,300,['CENTRAL RECOVERY PR           '],Paperback,19/09/2017,['60 copies available'],https://opentrolley.com.sg/Book_Detail.aspx?EAN=9781600063077
"['The Expanded Dialectical Behavior Therapy Skills Training Manual, 2nd Edition: Dbt for Self-Help and Individual & Group Treatment Settings']","
Pederson,Lane",51.14,60.24,271,['PERIGEE BOOKS                 '],Spiral,07/12/2010,[],https://opentrolley.com.sg/Book_Detail.aspx?EAN=9781683730460
"['Thinking, Fast and Slow']","
Kahneman,Daniel",45.15,53.19,368,['HARPER COLLINS                '],Hardcover,03/04/2012,['8220 copies available'],https://opentrolley.com.sg/Book_Detail.aspx?EAN=9780374275631
"[""The Asperkid's Secret Book of Social Rules: The Handbook of Not-So-Obvious Social Guidelines for Tweens and Teens with Asperger Syndrome""]","
Bojanowski,Brian",29.43,34.67,448,['MARINER BOOKS                 '],Paperback,13/03/2018,['219 copies available'],https://opentrolley.com.sg/Book_Detail.aspx?EAN=9781849059152
['Synchronicity: An Acausal Connecting Principle. (from Vol. 8. of the Collected Works of C. G. Jung)'],"
Jung,C.G.",14.22,16.76,499,['FARRAR STRAUS & GIROUX        '],Paperback,02/04/2013,['133 copies available'],https://opentrolley.com.sg/Book_Detail.aspx?EAN=9780691150505
"[""Into the Magic Shop: A Neurosurgeon's Quest to Discover the Mysteries of the Brain and the Secrets of the Heart""]","
Doty,JamesR.",22.67,26.71,408,['BLACK DOG & LEVENTHAL         '],Paperback,10/04/2018,['1 copy available'],https://opentrolley.com.sg/Book_Detail.aspx?EAN=9780399183645
"['Sex at Dawn: How We Mate, Why We Stray, and What It Means for Modern Relationships']","
Ryan,Christopher",28.03,33.02,600,['W W NORTON & CO INC           '],Paperback,17/12/2012,['1 copy available'],https://opentrolley.com.sg/Book_Detail.aspx?EAN=9780061707810
['The Voice of the Heart: A Call to Full Living'],"
Dodd,Chip",22.49,26.5,333,['CROWN PUB INC                 '],Paperback,24/01/2012,['121 copies available'],https://opentrolley.com.sg/Book_Detail.aspx?EAN=9780984399161
['The Man Who Mistook His Wife for a Hat: And Other Clinical Tales'],"
Sacks,Oliver",22.2,26.16,294,['GUILFORD PUBN                 '],Paperback,08/09/2011,['263 copies available'],https://opentrolley.com.sg/Book_Detail.aspx?EAN=9780684853949
['Publication Manual of the American Psychological Association'],"
AmericanPsychologicalAssociation",80.12,94.38,280,['SOUNDS TRUE INC               '],Hardcover,01/10/2017,['23 copies available'],https://opentrolley.com.sg/Book_Detail.aspx?EAN=9781433805592
['The State of Affairs: Rethinking Infidelity'],"
Perel,Esther",44.46,52.37,320,['PERENNIAL                     '],Hardcover,12/05/2009,['3187 copies available'],https://opentrolley.com.sg/Book_Detail.aspx?EAN=9780062322586
['The Design of Everyday Things'],"
Norman,Don",26.86,31.64,313,['HARVARD UNIV PR               '],Paperback,14/04/2014,['313 copies available'],https://opentrolley.com.sg/Book_Detail.aspx?EAN=9780465050659
['The Tipping Point: How Little Things Can Make a Big Difference'],"
Gladwell,Malcolm",24.15,28.45,576,['PENGUIN GROUP                 '],Paperback,13/02/2018,['88 copies available'],https://opentrolley.com.sg/Book_Detail.aspx?EAN=9780316346627
['What Every Teacher Should Know about Action Research'],"
Johnson,AndrewP.",28.5,33.58,807,['TASCHEN AMER LLC              '],Paperback,25/11/2010,[],https://opentrolley.com.sg/Book_Detail.aspx?EAN=9780137155842
['Stop Anxiety from Stopping You: The Breakthrough Program for Conquering Panic and Social Anxiety'],"
Odessky,Helen",23.86,28.11,400,['TARCHERPERIGEE                '],Paperback,21/08/2018,['97 copies available'],https://opentrolley.com.sg/Book_Detail.aspx?EAN=9781633535466
"[""Dsm-5(r) Made Easy: The Clinician's Guide to Diagnosis""]","
Morrison,James",157.58,185.61,169,['HAY HOUSE                     '],Hardcover,01/05/1990,['4 copies available'],https://opentrolley.com.sg/Book_Detail.aspx?EAN=9781462514427
['Difficult Conversations: How to Discuss What Matters Most'],"
Stone,Douglas",23.69,27.91,352,['BACK BAY BOOKS                '],Paperback,07/04/2015,['49 copies available'],https://opentrolley.com.sg/Book_Detail.aspx?EAN=9780143118442
['Blindspot: Hidden Biases of Good People'],"
Banaji,MahzarinR.",23.23,27.37,220,['AMER PSYCHOLOGICAL ASSN       '],Paperback,01/07/2009,['49 copies available'],https://opentrolley.com.sg/Book_Detail.aspx?EAN=9780345528438
"[""Man's Search for Meaning""]","
Frankl,ViktorE.",21.11,24.87,448,['BASIC BOOKS                   '],Paperback,29/08/2017,[],https://opentrolley.com.sg/Book_Detail.aspx?EAN=9780807014271
"[""Quiet: The Power of Introverts in a World That Can't Stop Talking""]","
Cain,Susan",24.28,28.61,208,['PERIGEE BOOKS                 '],Paperback,06/09/2011,['47 copies available'],https://opentrolley.com.sg/Book_Detail.aspx?EAN=9780307352156
['Visiting Feelings'],"
Rubenstein,Lauren",22.85,26.92,271,['NAV PR                        '],Hardcover,02/05/2018,['526 copies available'],https://opentrolley.com.sg/Book_Detail.aspx?EAN=9781433813399
['Genograms: Assessment and Intervention'],"
McGoldrick,Monica",63.75,75.1,0,['PREMIER EDUCATION SOLUTIONS   '],Paperback,01/03/2017,['262 copies available'],https://opentrolley.com.sg/Book_Detail.aspx?EAN=9780393705096
"['Please Understand Me II: Temperament, Character, Intelligence']","
Keirsey,David",37.12,43.73,448,['RH CANADA                     '],Paperback,23/01/2018,['2167 copies available'],https://opentrolley.com.sg/Book_Detail.aspx?EAN=9781885705020
['The Archetypes and the Collective Unconscious'],"
Jung,C.G.",57.78,68.06,272,['AMER PSYCHOLOGICAL ASSN       '],Paperback,28/07/2009,['3740 copies available'],https://opentrolley.com.sg/Book_Detail.aspx?EAN=9780691018331
['150 More Group Therapy Activities & Tips'],"
Belmont,Judith",50.23,59.17,0,['PREMIER EDUCATION SOLUTIONS   '],Spiral,01/09/2017,['642 copies available'],https://opentrolley.com.sg/Book_Detail.aspx?EAN=9781683730156
['Motivational Interviewing: Helping People Change'],"
Miller,WilliamR.",133.58,157.34,272,['AMER PSYCHOLOGICAL ASSN       '],Hardcover,01/07/2009,['662 copies available'],https://opentrolley.com.sg/Book_Detail.aspx?EAN=9781609182274
['An Easyguide to APA Style'],"
Schwartz,BethM.",78.29,92.22,320,['DEY STREET BOOKS              '],Spiral,24/04/2018,['45 copies available'],https://opentrolley.com.sg/Book_Detail.aspx?EAN=9781483383231
"[""The Complete Guide to Asperger's Syndrome""]","
Attwood,Tony",44.18,52.04,352,['FLATIRON                      '],Paperback,03/04/2018,['138 copies available'],https://opentrolley.com.sg/Book_Detail.aspx?EAN=9781843106692
['The Polyvagal Theory in Therapy: Engaging the Rhythm of Regulation'],"
Dana,DebA.",63.12,74.35,304,['HARPER WAVE                   '],Hardcover,13/11/2018,['35 copies available'],https://opentrolley.com.sg/Book_Detail.aspx?EAN=9780393712377
['Without Conscience: The Disturbing World of the Psychopaths Among Us'],"
Hare,RobertD.",25.11,29.58,464,['PENGUIN GROUP                 '],Paperback,08/09/2015,['31 copies available'],https://opentrolley.com.sg/Book_Detail.aspx?EAN=9781572304512
"[""Blind Spots: Why We Fail to Do What's Right and What to Do about It""]","
Bazerman,MaxH.",24.5,28.86,848,['LIGHTNING SOURCE INC          '],Paperback,01/11/2018,['66 copies available'],https://opentrolley.com.sg/Book_Detail.aspx?EAN=9780691156224
['100 Things Every Designer Needs to Know about People'],"
Weinschenk,Susan",48.3,56.9,272,['BLOOMSBURY                    '],Paperback,15/01/2019,['56 copies available'],https://opentrolley.com.sg/Book_Detail.aspx?EAN=9780321767530
"['Change Your Brain, Change Your Life: The Breakthrough Program for Conquering Anxiety, Depression, Obsessiveness, Lack of Focus, Anger, and Memory Prob']","
Amen,DanielG.",25.75,30.34,400,['MARINER BOOKS                 '],Paperback,20/10/2015,[],https://opentrolley.com.sg/Book_Detail.aspx?EAN=9781101904640
['On Killing: The Psychological Cost of Learning to Kill in War and Society'],"
Grossman,Dave",24.84,29.26,422,['GUILFORD PUBN                 '],Paperback,21/10/2014,['76 copies available'],https://opentrolley.com.sg/Book_Detail.aspx?EAN=9780316040938
['Creative Quest'],"
Questlove",41.27,48.62,256,['HARVARD BUSINESS              '],Hardcover,13/03/2018,[],https://opentrolley.com.sg/Book_Detail.aspx?EAN=9780062670557
['Bipolar Disorder: A Guide for Patients and Families'],"
Mondimore,FrancisMark",32.8,38.64,309,['BACK BAY BOOKS                '],Paperback,07/06/2011,['205 copies available'],https://opentrolley.com.sg/Book_Detail.aspx?EAN=9781421412061
['The Enneagram Made Easy: Discover the 9 Types of People'],"
Baron,Renee",26.22,30.89,303,['PERENNIAL                     '],Paperback,01/07/2008,['209 copies available'],https://opentrolley.com.sg/Book_Detail.aspx?EAN=9780062510266
['The Mindful Way Workbook: An 8-Week Program to Free Yourself from Depression and Emotional Distress [With CD (Audio)]'],"
Teasdale,John",36.57,43.08,208,['REDEMPTION PR                 '],Paperback,03/06/2016,['4860 copies available'],https://opentrolley.com.sg/Book_Detail.aspx?EAN=9781462508143
['Are U Ok?: A Guide to Caring for Your Mental Health'],"
Morton,Kati",29.26,34.47,174,['PARKHURST BROTHERS            '],Hardcover,01/04/2010,['97 copies available'],https://opentrolley.com.sg/Book_Detail.aspx?EAN=9780738234991
['The Undiscovered Self: With Symbols and the Interpretation of Dreams'],"
Jung,C.G.",14.0,16.49,300,['CENTRAL RECOVERY PR           '],Paperback,19/09/2017,['60 copies available'],https://opentrolley.com.sg/Book_Detail.aspx?EAN=9780691150512
['Transforming the Intense Child: An Experiential Guide for Learning and Implementing the Nurtured Heart Approach'],"
Glasser,Howard",34.06,40.12,271,['PERIGEE BOOKS                 '],Paperback,07/12/2010,[],https://opentrolley.com.sg/Book_Detail.aspx?EAN=9780982671481
['Rewired: A Bold New Approach to Addiction and Recovery'],"
Spiegelman,Erica",22.38,26.37,368,['HARPER COLLINS                '],Paperback,03/04/2012,['8220 copies available'],https://opentrolley.com.sg/Book_Detail.aspx?EAN=9781578265657
['From Types to Images'],"
Hillman,James",66.26,78.05,448,['MARINER BOOKS                 '],Hardcover,13/03/2018,['219 copies available'],https://opentrolley.com.sg/Book_Detail.aspx?EAN=9780882145822
['Tribe: On Homecoming and Belonging'],"
Junger,Sebastian",30.06,35.41,499,['FARRAR STRAUS & GIROUX        '],Hardcover,02/04/2013,['133 copies available'],https://opentrolley.com.sg/Book_Detail.aspx?EAN=9781455566389
['Mating in Captivity: Unlocking Erotic Intelligence'],"
Perel,Esther",21.98,25.89,408,['BLACK DOG & LEVENTHAL         '],Paperback,10/04/2018,['1 copy available'],https://opentrolley.com.sg/Book_Detail.aspx?EAN=9780060753641
['Women and Madness'],"
Chesler,Phyllis",30.86,36.35,600,['W W NORTON & CO INC           '],Paperback,17/12/2012,['1 copy available'],https://opentrolley.com.sg/Book_Detail.aspx?EAN=9781641600361
['The End of Average: Unlocking Our Potential by Embracing What Makes Us Different'],"
Rose,Todd",24.19,28.5,333,['CROWN PUB INC                 '],Paperback,24/01/2012,['121 copies available'],https://opentrolley.com.sg/Book_Detail.aspx?EAN=9780062358370
['Where to Start and What to Ask: An Assessment Handbook'],"
Lukas,Susan",38.7,45.59,294,['GUILFORD PUBN                 '],Paperback,08/09/2011,['263 copies available'],https://opentrolley.com.sg/Book_Detail.aspx?EAN=9780393701524
['The Undiscovered Self: The Dilemma of the Individual in Modern Society'],"
Jung,C.G.",10.63,12.53,280,['SOUNDS TRUE INC               '],Mass,01/10/2017,['23 copies available'],https://opentrolley.com.sg/Book_Detail.aspx?EAN=9780451217325
['Personality Types: Using the Enneagram for Self-Discovery'],"
Riso,DonRichard",26.65,31.4,320,['PERENNIAL                     '],Paperback,12/05/2009,['3187 copies available'],https://opentrolley.com.sg/Book_Detail.aspx?EAN=9780395798676
"[""Don't Hit My Mommy!: A Manual for Child-Parent Psychotherapy with Young Witnesses of Family Violence""]","
Lieberman,AliciaF.",37.82,44.55,313,['HARVARD UNIV PR               '],Paperback,14/04/2014,['313 copies available'],https://opentrolley.com.sg/Book_Detail.aspx?EAN=9781938558528
"['Eating in the Light of the Moon: How Women Can Transform Their Relationship with Food Through Myths, Metaphors, and Storytelling']","
JohnstonPh.D.,Anita",30.72,36.19,576,['PENGUIN GROUP                 '],Paperback,13/02/2018,['88 copies available'],https://opentrolley.com.sg/Book_Detail.aspx?EAN=9780936077369
"['Smart But Scattered Teens: The ""Executive Skills"" Program for Helping Teens Reach Their Potential']","
Guare,Richard",27.3,32.16,807,['TASCHEN AMER LLC              '],Paperback,25/11/2010,[],https://opentrolley.com.sg/Book_Detail.aspx?EAN=9781609182298
['Trauma and Recovery: The Aftermath of Violence--From Domestic Abuse to Political Terror'],"
Herman,JudithL.",25.38,29.9,400,['TARCHERPERIGEE                '],Paperback,21/08/2018,['97 copies available'],https://opentrolley.com.sg/Book_Detail.aspx?EAN=9780465061716
"[""Becoming the Narcissist's Nightmare: How to Devalue and Discard the Narcissist While Supplying Yourself""]","
Arabi,Shahida",35.72,42.08,169,['HAY HOUSE                     '],Paperback,01/05/1990,['4 copies available'],https://opentrolley.com.sg/Book_Detail.aspx?EAN=9781523702466
"['The Dialectical Behavior Therapy Skills Workbook: Practical Dbt Exercises for Learning Mindfulness, Interpersonal Effectiveness, Emotion Regulation, a']","
McKay,Matthew",36.11,42.54,352,['BACK BAY BOOKS                '],Paperback,07/04/2015,['49 copies available'],https://opentrolley.com.sg/Book_Detail.aspx?EAN=9781572245136
['Retrain Your Brain: Cognitive Behavioral Therapy in 7 Weeks: A Workbook for Managing Depression and Anxiety'],"
Gillihan,SethJ.",25.87,30.48,220,['AMER PSYCHOLOGICAL ASSN       '],Paperback,01/07/2009,['49 copies available'],https://opentrolley.com.sg/Book_Detail.aspx?EAN=9781623157807
['The Wisdom of the Enneagram: The Complete Guide to Psychological and Spiritual Growth for the Nine Personality Types'],"
Riso,DonRichard",37.41,44.07,448,['BASIC BOOKS                   '],Paperback,29/08/2017,[],https://opentrolley.com.sg/Book_Detail.aspx?EAN=9780553378207
['Becoming Brilliant: What Science Tells Us about Raising Successful Children'],"
Golinkoff,RobertaMichnick",28.97,34.13,208,['PERIGEE BOOKS                 '],Paperback,06/09/2011,['47 copies available'],https://opentrolley.com.sg/Book_Detail.aspx?EAN=9781433822391
"[""Brain Over Binge: Why I Was Bulimic, Why Conventional Therapy Didn't Work, and How I Recovered for Good""]","
Hansen,Kathryn",31.1,36.64,271,['NAV PR                        '],Paperback,02/05/2018,['526 copies available'],https://opentrolley.com.sg/Book_Detail.aspx?EAN=9780984481705
['The Personality Brokers: The Strange History of Myers-Briggs and the Birth of Personality Testing'],"
Emre,Merve",41.45,48.83,0,['PREMIER EDUCATION SOLUTIONS   '],Hardcover,01/03/2017,['262 copies available'],https://opentrolley.com.sg/Book_Detail.aspx?EAN=9780385541909
['Never Enough: The Neuroscience and Experience of Addiction'],"
Grisel,Judith",37.92,44.67,499,['FARRAR STRAUS & GIROUX        '],Hardcover,25/10/2011,['25 copies available'],https://opentrolley.com.sg/Book_Detail.aspx?EAN=9780385542845
['The Structure of Magic a Book about Language and Therapy'],"
Bandler,Richard",29.53,34.79,278,['JESSICA KINGSLEY PUBL INC     '],Paperback,15/10/2012,['29 copies available'],https://opentrolley.com.sg/Book_Detail.aspx?EAN=9780831400446
['Owning Your Own Shadow: Understanding the Dark Side of the Psyche'],"
Johnson,RobertA.",20.97,24.7,135,['PRINCETON UNIV PR             '],Paperback,14/11/2010,['50 copies available'],https://opentrolley.com.sg/Book_Detail.aspx?EAN=9780062507549
['The Art of Loving'],"
Fromm,Erich",21.29,25.08,288,['AVERY PUB GROUP               '],Paperback,14/02/2017,['36 copies available'],https://opentrolley.com.sg/Book_Detail.aspx?EAN=9780061129735
['Spark: The Revolutionary New Science of Exercise and the Brain'],"
Ratey,JohnJ.",22.67,26.71,402,['PERENNIAL                     '],Paperback,05/07/2011,[],https://opentrolley.com.sg/Book_Detail.aspx?EAN=9780316113519
['Holotropic Breathwork: A New Approach to Self-Exploration and Therapy'],"
Grof,Stanislav",34.64,40.81,194,['SAGE HILL LLC                 '],Paperback,22/01/2015,['75 copies available'],https://opentrolley.com.sg/Book_Detail.aspx?EAN=9781438433943
['Why People Die by Suicide'],"
Joiner,Thomas",30.77,36.25,256,['TOUCHSTONE PRESS              '],Paperback,02/04/1998,['10 copies available'],https://opentrolley.com.sg/Book_Detail.aspx?EAN=9780674025493
['The Ape That Understood the Universe: How the Mind and Culture Evolve'],"
Stewart-Williams,Steve",41.68,49.1,272,['AMER PSYCHOLOGICAL ASSN       '],Hardcover,01/07/2009,['557 copies available'],https://opentrolley.com.sg/Book_Detail.aspx?EAN=9781108425049
['Answer to Job: (from Vol. 11 of the Collected Works of C. G. Jung)'],"
Jung,C.G.",14.0,16.49,336,['HARPER COLLINS                '],Paperback,10/10/2017,[],https://opentrolley.com.sg/Book_Detail.aspx?EAN=9780691150475
"[""What Every Body Is Saying: An Ex-FBI Agent's Guide to Speed-Reading People""]","
Navarro,Joe",27.88,32.84,347,['BASIC BOOKS                   '],Paperback,05/11/2013,['6 copies available'],https://opentrolley.com.sg/Book_Detail.aspx?EAN=9780061438295
"['I Love a Cop, Third Edition: What Police Families Need to Know']","
Kirschman,Ellen",25.69,30.27,304,['BACK BAY BOOKS                '],Paperback,07/01/2002,['168 copies available'],https://opentrolley.com.sg/Book_Detail.aspx?EAN=9781462533855
['103 Group Activities and Treatment Ideas & Practical Strategies: The Therapeutic Toolbox'],"
Belmont,JudithA.",47.38,55.81,30,['ADDISON WESLEY PUB CO INC     '],Spiral,01/10/2008,[],https://opentrolley.com.sg/Book_Detail.aspx?EAN=9780979021800
['Building Your Ideal Private Practice: A Guide for Therapists and Other Healing Professionals'],"
Grodzki,Lynn",63.7,75.04,236,['MANGO                         '],Hardcover,18/04/2017,['39 copies available'],https://opentrolley.com.sg/Book_Detail.aspx?EAN=9780393709483
"['Overcoming Binge Eating, Second Edition: The Proven Program to Learn Why You Binge and How You Can Stop']","
Fairburn,ChristopherG.",24.55,28.92,652,['GUILFORD PUBN                 '],Paperback,11/04/2014,['9 copies available'],https://opentrolley.com.sg/Book_Detail.aspx?EAN=9781572305618
['Your Defiant Child: 8 Steps to Better Behavior'],"
Barkley,RussellA.",24.55,28.92,315,['PENGUIN GROUP                 '],Paperback,02/11/2010,['5 copies available'],https://opentrolley.com.sg/Book_Detail.aspx?EAN=9781462510078
['A Work in Progress: Behavior Management Strategies and a Curriculum for Intensive Behavioral Treatment of Autism'],"
Leaf,Ron",73.9,87.05,272,['BANTAM DELL                   '],Paperback,16/08/2016,['71 copies available'],https://opentrolley.com.sg/Book_Detail.aspx?EAN=9780966526608
['Humble Inquiry: The Gentle Art of Asking Instead of Telling'],"
Schein,EdgarH.",25.13,29.6,165,['BEACON                        '],Paperback,01/06/2006,['19 copies available'],https://opentrolley.com.sg/Book_Detail.aspx?EAN=9781609949815
['Mindfulness Skills for Kids Card Deck and 3 Card Games'],"
Burdick,Debra",22.77,26.82,352,['BROADWAY BOOKS                '],Other,29/01/2013,['27 copies available'],https://opentrolley.com.sg/Book_Detail.aspx?EAN=9781683731054
"[""Clinician's Thesaurus: The Guide to Conducting Interviews and Writing Psychological Reports""]","
Zuckerman,EdwardL.",147.73,174.01,1,['MAGINATION PR                 '],Paperback,15/09/2013,['5 copies available'],https://opentrolley.com.sg/Book_Detail.aspx?EAN=9781606238745
"['Taking Charge of Adhd, Third Edition: The Complete, Authoritative Guide for Parents']","
Barkley,RussellA.",31.03,36.56,380,['W W NORTON & CO INC           '],Paperback,01/01/2008,['16 copies available'],https://opentrolley.com.sg/Book_Detail.aspx?EAN=9781462507894
['What Made Maddy Run: The Secret Struggles and Tragic Death of an All-American Teen'],"
Fagan,Kate",27.5,32.4,448,['RH CANADA                     '],Paperback,23/01/2018,['2167 copies available'],https://opentrolley.com.sg/Book_Detail.aspx?EAN=9780316356527
"['The Asam Criteria: Treatment Criteria for Addictive, Substance-Related, and Co-Occurring Conditions']","
Mee-Lee,DavidEd",400.16,471.34,272,['AMER PSYCHOLOGICAL ASSN       '],Hardcover,28/07/2009,['3740 copies available'],https://opentrolley.com.sg/Book_Detail.aspx?EAN=9781617021978
['Autism in Heels: The Untold Story of a Female Life on the Spectrum'],"
O'Toole,JenniferCook",40.8,48.06,0,['PREMIER EDUCATION SOLUTIONS   '],Hardcover,01/09/2017,['642 copies available'],https://opentrolley.com.sg/Book_Detail.aspx?EAN=9781510732841
"['Therapy Games: Creative Ways to Turn Popular Games Into Activities That Build Self-Esteem, Teamwork, Communication Skills, Anger Mana']","
Jones,Alanna",34.47,40.61,272,['AMER PSYCHOLOGICAL ASSN       '],Paperback,01/07/2009,['662 copies available'],https://opentrolley.com.sg/Book_Detail.aspx?EAN=9780966234152
"['101 Trauma-Informed Interventions: Activities, Exercises and Assignments to Move the Client and Therapy Forward']","
Curran,Linda",43.35,51.07,320,['DEY STREET BOOKS              '],Paperback,24/04/2018,['45 copies available'],https://opentrolley.com.sg/Book_Detail.aspx?EAN=9781936128426
['5 Is Against the Law!: Social Boundaries: Straight Up!'],"
DunnBuron,Kari",35.4,41.7,352,['FLATIRON                      '],Paperback,03/04/2018,['138 copies available'],https://opentrolley.com.sg/Book_Detail.aspx?EAN=9781931282352
"['Enlightenment Now: The Case for Reason, Science, Humanism, and Progress']","
Pinker,Steven",27.23,32.08,304,['HARPER WAVE                   '],Paperback,13/11/2018,['35 copies available'],https://opentrolley.com.sg/Book_Detail.aspx?EAN=9780143111382
"[""Criminal Conduct and Substance Abuse Treatment: Strategies for Self-Improvement and Change, Pathways to Responsible Living: The Participant's Workbook""]","
Wanberg,KennethW.",47.45,55.89,464,['PENGUIN GROUP                 '],Paperback,08/09/2015,['31 copies available'],https://opentrolley.com.sg/Book_Detail.aspx?EAN=9781412905916
"['An Early Start for Your Child with Autism: Using Everyday Activities to Help Kids Connect, Communicate, and Learn']","
Rogers,SallyJ.",26.83,31.61,848,['LIGHTNING SOURCE INC          '],Paperback,01/11/2018,['66 copies available'],https://opentrolley.com.sg/Book_Detail.aspx?EAN=9781609184704
"['Screw the Roses, Send Me the Thorns: The Romance and Sexual Sorcery of Sadomasochism']","
Miller,Philip",37.95,44.7,272,['BLOOMSBURY                    '],Paperback,15/01/2019,['56 copies available'],https://opentrolley.com.sg/Book_Detail.aspx?EAN=9780964596009
['1001 Solution-Focused Questions: Handbook for Solution-Focused Interviewing'],"
Bannink,Fredrike",58.58,69.0,400,['MARINER BOOKS                 '],Paperback,20/10/2015,[],https://opentrolley.com.sg/Book_Detail.aspx?EAN=9780393706345
['The Interpretation of Dreams'],"
Freud,Sigmund",22.92,27.0,422,['GUILFORD PUBN                 '],Paperback,21/10/2014,['76 copies available'],https://opentrolley.com.sg/Book_Detail.aspx?EAN=9780465019779
['The Psychology of Kundalini Yoga: Notes of the Seminar Given in 1932 by C. G. Jung'],"
Jung,C.G.",36.04,42.45,256,['HARVARD BUSINESS              '],Paperback,13/03/2018,[],https://opentrolley.com.sg/Book_Detail.aspx?EAN=9780691006765
"[""It Didn't Start with You: How Inherited Family Trauma Shapes Who We Are and How to End the Cycle""]","
Wolynn,Mark",23.46,27.64,309,['BACK BAY BOOKS                '],Paperback,07/06/2011,['205 copies available'],https://opentrolley.com.sg/Book_Detail.aspx?EAN=9781101980385
['In the Realm of Hungry Ghosts: Close Encounters with Addiction'],"
Mate,Gabor",35.08,41.33,303,['PERENNIAL                     '],Paperback,01/07/2008,['209 copies available'],https://opentrolley.com.sg/Book_Detail.aspx?EAN=9781556438806
['The 33 Strategies of War'],"
Greene,Robert",38.42,45.26,208,['REDEMPTION PR                 '],Paperback,03/06/2016,['4860 copies available'],https://opentrolley.com.sg/Book_Detail.aspx?EAN=9780143112785
['The Making of a Therapist: A Practical Guide for the Inner Journey'],"
Cozolino,Louis",50.83,59.88,174,['PARKHURST BROTHERS            '],Hardcover,01/04/2010,['97 copies available'],https://opentrolley.com.sg/Book_Detail.aspx?EAN=9780393704242
"['The Work-Smart Academic Planner, Revised Edition: Write It Down, Get It Done']","
Dawson,Peg",36.15,42.59,300,['CENTRAL RECOVERY PR           '],Paperback,19/09/2017,['60 copies available'],https://opentrolley.com.sg/Book_Detail.aspx?EAN=9781462530205
"['The Empathy Effect: Seven Neuroscience-Based Keys for Transforming the Way We Live, Love, Work, and Connect Across Differences']","
Riess,Helen",33.39,39.34,271,['PERIGEE BOOKS                 '],Hardcover,07/12/2010,[],https://opentrolley.com.sg/Book_Detail.aspx?EAN=9781683640288
['The Inflamed Mind: A Radical New Approach to Depression'],"
Bullmore,Edward",39.0,45.94,368,['HARPER COLLINS                '],Hardcover,03/04/2012,['8220 copies available'],https://opentrolley.com.sg/Book_Detail.aspx?EAN=9781250318145
['La Inteligencia Emocional: Por Qué Es Más Importante Que El Cociente Intelectual / Emotional Intelligence'],"
Goleman,Daniel",21.04,24.79,448,['MARINER BOOKS                 '],Paperback,13/03/2018,['219 copies available'],https://opentrolley.com.sg/Book_Detail.aspx?EAN=9781947783423
['The Secret of Childhood'],"
Montessori,Maria",12.48,14.7,499,['FARRAR STRAUS & GIROUX        '],Paperback,02/04/2013,['133 copies available'],https://opentrolley.com.sg/Book_Detail.aspx?EAN=9780345305831
"[""Buddha's Brain: The Practical Neuroscience of Happiness, Love, and Wisdom""]","
Hanson,Rick",27.32,32.18,408,['BLACK DOG & LEVENTHAL         '],Paperback,10/04/2018,['1 copy available'],https://opentrolley.com.sg/Book_Detail.aspx?EAN=9781572246959
['The Basic Writings of Sigmund Freud'],"
Freud,Sigmund",35.4,41.7,600,['W W NORTON & CO INC           '],Hardcover,17/12/2012,['1 copy available'],https://opentrolley.com.sg/Book_Detail.aspx?EAN=9780679601661
['Games People Play: The Basic Handbook of Transactional Analysis.'],"
Berne,Eric",23.0,27.1,333,['CROWN PUB INC                 '],Paperback,24/01/2012,['121 copies available'],https://opentrolley.com.sg/Book_Detail.aspx?EAN=9780345410030
['What Is This Thing Called Theory of Constraints'],"
Goldratt,EliyahuM.",27.14,31.97,294,['GUILFORD PUBN                 '],Paperback,08/09/2011,['263 copies available'],https://opentrolley.com.sg/Book_Detail.aspx?EAN=9780884271666
"['Coping Skills for Kids Workbook: Over 75 Coping Strategies to Help Kids Deal with Stress, Anxiety and Anger']","
Halloran,Janine",34.57,40.72,280,['SOUNDS TRUE INC               '],Paperback,01/10/2017,['23 copies available'],https://opentrolley.com.sg/Book_Detail.aspx?EAN=9781683731221
['Breaking the Curse of Willie Lynch: The Science of Slave Psychology'],"
Morrow,Alvin",14.0,16.49,320,['PERENNIAL                     '],Paperback,12/05/2009,['3187 copies available'],https://opentrolley.com.sg/Book_Detail.aspx?EAN=9780972035217
"['Your Body Is Your Brain: Leverage Your Somatic Intelligence to Find Purpose, Build Resilience, Deepen Relationships and Lead More Powerfully']","
Blake,Amanda",66.96,78.88,313,['HARVARD UNIV PR               '],Hardcover,14/04/2014,['313 copies available'],https://opentrolley.com.sg/Book_Detail.aspx?EAN=9780999368114
"['Treating Traumatic Stress in Children and Adolescents, Second Edition: How to Foster Resilience Through Attachment, Self-Regulation, and Competency']","
Blaustein,MargaretE.",107.64,126.79,576,['PENGUIN GROUP                 '],Paperback,13/02/2018,['88 copies available'],https://opentrolley.com.sg/Book_Detail.aspx?EAN=9781462537044
['How to Be a Superhero Called Self-Control!: Super Powers to Help Younger Children to Regulate Their Emotions and Senses'],"
Brukner,Lauren",28.74,33.86,807,['TASCHEN AMER LLC              '],Hardcover,25/11/2010,[],https://opentrolley.com.sg/Book_Detail.aspx?EAN=9781849057172
['Brief Interventions for Radical Change: Principles and Practice of Focused Acceptance and Commitment Therapy'],"
Strosahl,KirkD.",66.34,78.15,400,['TARCHERPERIGEE                '],Paperback,21/08/2018,['97 copies available'],https://opentrolley.com.sg/Book_Detail.aspx?EAN=9781608823451
['The Book of Questions: Revised and Updated'],"
Stock,Gregory",14.59,17.19,169,['HAY HOUSE                     '],Paperback,01/05/1990,['4 copies available'],https://opentrolley.com.sg/Book_Detail.aspx?EAN=9780761177319
"[""Man's Search for Meaning, Gift Edition""]","
Frankl,ViktorE.",32.25,37.99,352,['BACK BAY BOOKS                '],Hardcover,07/04/2015,['49 copies available'],https://opentrolley.com.sg/Book_Detail.aspx?EAN=9780807060100
['Subliminal: How Your Unconscious Mind Rules Your Behavior'],"
Mlodinow,Leonard",22.63,26.66,220,['AMER PSYCHOLOGICAL ASSN       '],Paperback,01/07/2009,['49 copies available'],https://opentrolley.com.sg/Book_Detail.aspx?EAN=9780307472250
"['Beyond Beliefs: A Guide to Improving Relationships and Communication for Vegans, Vegetarians, and Meat Eaters']","
Joy,Melanie",22.35,26.33,448,['BASIC BOOKS                   '],Paperback,29/08/2017,[],https://opentrolley.com.sg/Book_Detail.aspx?EAN=9781590565803
['The Complex PTSD Workbook: A Mind-Body Approach to Regaining Emotional Control and Becoming Whole'],"
Schwartz,Arielle",24.5,28.86,208,['PERIGEE BOOKS                 '],Paperback,06/09/2011,['47 copies available'],https://opentrolley.com.sg/Book_Detail.aspx?EAN=9781623158248
['Power: Surviving and Thriving After Narcissistic Abuse: A Collection of Essays on Malignant Narcissism and Recovery from Emot'],"
Arabi,Shahida",29.19,34.39,271,['NAV PR                        '],Paperback,02/05/2018,['526 copies available'],https://opentrolley.com.sg/Book_Detail.aspx?EAN=9781945796326
['The Covert Passive-Aggressive Narcissist: Recognizing the Traits and Finding Healing After Hidden Emotional and Psychological Abuse'],"
Mirza,Debbie",28.8,33.93,0,['PREMIER EDUCATION SOLUTIONS   '],Paperback,01/03/2017,['262 copies available'],https://opentrolley.com.sg/Book_Detail.aspx?EAN=9780998621340
['The Misinformation Age: How False Beliefs Spread'],"
O'Connor,Cailin",36.97,43.55,499,['FARRAR STRAUS & GIROUX        '],Hardcover,25/10/2011,['25 copies available'],https://opentrolley.com.sg/Book_Detail.aspx?EAN=9780300234015
['The Art of Typing: Powerful Tools for Enneagram Typing'],"
Lapid-Bogda,Ginger",34.85,41.05,278,['JESSICA KINGSLEY PUBL INC     '],Paperback,15/10/2012,['29 copies available'],https://opentrolley.com.sg/Book_Detail.aspx?EAN=9780996344777
"['Thinking, Fast and Slow']","
Kahneman,Daniel",46.45,54.72,135,['PRINCETON UNIV PR             '],Prebound,14/11/2010,['50 copies available'],https://opentrolley.com.sg/Book_Detail.aspx?EAN=9780606275644
['Trauma-Sensitive Yoga in Therapy: Bringing the Body Into Treatment'],"
Emerson,David",60.59,71.37,288,['AVERY PUB GROUP               '],Hardcover,14/02/2017,['36 copies available'],https://opentrolley.com.sg/Book_Detail.aspx?EAN=9780393709506
['Love Is a Choice: The Definitive Book on Letting Go of Unhealthy Relationships'],"
Hemfelt,Robert",22.89,26.97,402,['PERENNIAL                     '],Paperback,05/07/2011,[],https://opentrolley.com.sg/Book_Detail.aspx?EAN=9780785263753
['Magic of Thinking Big'],"
Schwartz,David",24.0,28.28,194,['SAGE HILL LLC                 '],Paperback,22/01/2015,['75 copies available'],https://opentrolley.com.sg/Book_Detail.aspx?EAN=9780671646783
"['Internal Family Systems Skills Training Manual: Trauma-Informed Treatment for Anxiety, Depression, Ptsd & Substance Abuse']","
Anderson,FrankG.",41.25,48.59,256,['TOUCHSTONE PRESS              '],Paperback,02/04/1998,['10 copies available'],https://opentrolley.com.sg/Book_Detail.aspx?EAN=9781683730873
['Musicophilia: Tales of Music and the Brain'],"
Sacks,Oliver",25.94,30.56,272,['AMER PSYCHOLOGICAL ASSN       '],Paperback,01/07/2009,['557 copies available'],https://opentrolley.com.sg/Book_Detail.aspx?EAN=9781400033539
"['Duped: Double Lives, False Identities, and the Con Man I Almost Married']","
Ellin,Abby",38.21,45.01,336,['HARPER COLLINS                '],Hardcover,10/10/2017,[],https://opentrolley.com.sg/Book_Detail.aspx?EAN=9781610398008
['Mastering the Inner Skills of Psychotherapy: A Deliberate Practice Manual'],"
Rousmaniere,Tony,PsyD",41.2,48.53,347,['BASIC BOOKS                   '],Paperback,05/11/2013,['6 copies available'],https://opentrolley.com.sg/Book_Detail.aspx?EAN=9781732565708
['The Real Happy Pill: Power Up Your Brain by Moving Your Body'],"
Hansen,Anders",30.13,35.49,304,['BACK BAY BOOKS                '],Paperback,07/01/2002,['168 copies available'],https://opentrolley.com.sg/Book_Detail.aspx?EAN=9781510722989
['Coping with Trauma-Related Dissociation: Skills Training for Patients and Therapists'],"
Boon,Suzette",95.44,112.42,30,['ADDISON WESLEY PUB CO INC     '],Paperback,01/10/2008,[],https://opentrolley.com.sg/Book_Detail.aspx?EAN=9780393706468
"['Understand Your Brain, Get More Done: The ADHD Executive Functions Workbook']","
Tuckman,Ari",29.66,34.94,236,['MANGO                         '],Paperback,18/04/2017,['39 copies available'],https://opentrolley.com.sg/Book_Detail.aspx?EAN=9781886941397
['Be Mindful Card Deck for Teens'],"
Biegel,GinaM.",22.77,26.82,652,['GUILFORD PUBN                 '],Other,11/04/2014,['9 copies available'],https://opentrolley.com.sg/Book_Detail.aspx?EAN=9781559570589
['The New Social Story Book: Over 150 Social Stories That Teach Everyday Social Skills to Children and Adults with Autism and Their Peers'],"
Gray,Carol",59.84,70.49,315,['PENGUIN GROUP                 '],Paperback,02/11/2010,['5 copies available'],https://opentrolley.com.sg/Book_Detail.aspx?EAN=9781941765166
"[""Insider's Guide to Graduate Programs in Clinical and Counseling Psychology: 2018/2019 Edition""]","
Sayette,MichaelA.",45.09,53.12,272,['BANTAM DELL                   '],Paperback,16/08/2016,['71 copies available'],https://opentrolley.com.sg/Book_Detail.aspx?EAN=9781462532117
"['The Lies We Tell Ourselves: How to Face the Truth, Accept Yourself, and Create a Better Life']","
Frederickson,Jon",26.27,30.95,165,['BEACON                        '],Paperback,01/06/2006,['19 copies available'],https://opentrolley.com.sg/Book_Detail.aspx?EAN=9780988378889
['The Shallows: What the Internet Is Doing to Our Brains'],"
Carr,Nicholas",22.38,26.37,352,['BROADWAY BOOKS                '],Paperback,29/01/2013,['27 copies available'],https://opentrolley.com.sg/Book_Detail.aspx?EAN=9780393339758
['Triumphs of Experience: The Men of the Harvard Grant Study'],"
Vaillant,GeorgeE.",27.16,32.0,1,['MAGINATION PR                 '],Paperback,15/09/2013,['5 copies available'],https://opentrolley.com.sg/Book_Detail.aspx?EAN=9780674503816
['Taking Charge of Adult ADHD'],"
Barkley,RussellA.",27.16,32.0,380,['W W NORTON & CO INC           '],Paperback,01/01/2008,['16 copies available'],https://opentrolley.com.sg/Book_Detail.aspx?EAN=9781606233382
['Driven to Distraction: Recognizing and Coping with Attention Deficit Disorder'],"
Hallowell,EdwardM.",24.38,28.72,350,['PROMETHEUS NEMESIS BK CO      '],Paperback,15/06/2006,['34 copies available'],https://opentrolley.com.sg/Book_Detail.aspx?EAN=9780307743152
['Structure of Magic: Volume 2'],"
Bandler,Richard",29.07,34.25,451,['PRINCETON UNIV PR             '],Paperback,21/08/1981,['40 copies available'],https://opentrolley.com.sg/Book_Detail.aspx?EAN=9780831400491
['Mindfulness'],"
Langer,EllenJ.",22.2,26.16,0,['PREMIER EDUCATION SOLUTIONS   '],Paperback,01/09/2016,['142 copies available'],https://opentrolley.com.sg/Book_Detail.aspx?EAN=9780738217994
['How Psychology Works: The Facts Visually Explained'],"
DK",34.07,40.14,482,['GUILFORD PUBN                 '],Hardcover,07/09/2012,['65 copies available'],https://opentrolley.com.sg/Book_Detail.aspx?EAN=9781465468611
"['Modern Man in Search of a Soul,']","
Jung,C.G.",20.68,24.36,328,['SAGE PUBN                     '],Paperback,10/03/2016,['118 copies available'],https://opentrolley.com.sg/Book_Detail.aspx?EAN=9780156612067
['Whole Again: Healing Your Heart and Rediscovering Your True Self After Toxic Relationships and Emotional Abuse'],"
MacKenzie,Jackson",22.54,26.55,397,['JESSICA KINGSLEY PUBL INC     '],Paperback,01/05/2008,['314 copies available'],https://opentrolley.com.sg/Book_Detail.aspx?EAN=9780143133315
['The Essential Enneagram: The Definitive Personality Test and Self-Discovery Guide -- Revised & Updated'],"
Daniels,David",19.81,23.34,320,['W W NORTON & CO INC           '],Paperback,12/06/2018,[],https://opentrolley.com.sg/Book_Detail.aspx?EAN=9780061713163
['Forty Studies That Changed Psychology'],"
Hock,RogerR.",160.92,189.55,236,['GUILFORD PUBN                 '],Paperback,08/01/1999,['119 copies available'],https://opentrolley.com.sg/Book_Detail.aspx?EAN=9780205918393
['The Power of Mindful Learning'],"
Langer,EllenJ.",21.75,25.62,191,['PRINCETON UNIV PR             '],Paperback,23/12/2012,['32 copies available'],https://opentrolley.com.sg/Book_Detail.aspx?EAN=9780738219080
['The Distracted Mind: Ancient Brains in a High-Tech World'],"
Gazzaley,Adam",26.48,31.19,242,['NEW RIDERS PUBL               '],Paperback,24/04/2011,['33 copies available'],https://opentrolley.com.sg/Book_Detail.aspx?EAN=9780262534437
['The Psychology Book: Big Ideas Simply Explained'],"
DK",37.15,43.76,480,['HARMONY                       '],Paperback,03/11/2015,['31 copies available'],https://opentrolley.com.sg/Book_Detail.aspx?EAN=9781465458568
"['Nerdy, Shy, and Socially Inappropriate: A User Guide to an Asperger Life']","
Kim,Cynthia",28.74,33.86,377,['BACK BAY BOOKS                '],Paperback,01/06/2009,['18 copies available'],https://opentrolley.com.sg/Book_Detail.aspx?EAN=9781849057578
['The Dyslexic Advantage: Unlocking the Hidden Potential of the Dyslexic Brain'],"
Eide,BrockL.",22.31,26.28,288,['ECCO                          '],Paperback,24/04/2018,['33 copies available'],https://opentrolley.com.sg/Book_Detail.aspx?EAN=9780452297920
"[""A Therapist's Guide to EMDR: Tools and Techniques for Successful Treatment""]","
Parnell,Laurel",66.93,78.84,288,['JOHNS HOPKINS UNIV PR         '],Hardcover,21/02/2014,['47 copies available'],https://opentrolley.com.sg/Book_Detail.aspx?EAN=9780393704815
['How to Write a Lot: A Practical Guide to Productive Academic Writing'],"
Silvia,PaulJ.",26.64,31.38,176,['HARPER COLLINS                '],Paperback,01/02/1994,['7087 copies available'],https://opentrolley.com.sg/Book_Detail.aspx?EAN=9781433829734
['Pocket Guide to Interpersonal Neurobiology: An Integrative Handbook of the Mind'],"
Siegel,DanielJ.",54.42,64.11,228,['GUILFORD PUBN                 '],Paperback,02/01/2014,['104 copies available'],https://opentrolley.com.sg/Book_Detail.aspx?EAN=9780393707137
['Loving Someone with Borderline Personality Disorder: How to Keep Out-Of-Control Emotions from Destroying Your Relationship'],"
Manning,ShariY.",24.55,28.92,256,['DA CAPO PR                    '],Paperback,11/12/2018,['36 copies available'],https://opentrolley.com.sg/Book_Detail.aspx?EAN=9781593856076
"[""An Exceptional Children's Guide to Touch: Teaching Social and Physical Boundaries to Kids""]","
Manasco,McKinleyHunter",29.92,35.25,144,['PRINCETON UNIV PR             '],Hardcover,15/11/2010,['121 copies available'],https://opentrolley.com.sg/Book_Detail.aspx?EAN=9781849058711
['Things I Wish I Knew Before My Mom Died: Coping with Loss Every Day'],"
Alexander,Ty",22.94,27.03,0,['NURTURED HEART PUBN           '],Paperback,23/12/2016,['2 copies available'],https://opentrolley.com.sg/Book_Detail.aspx?EAN=9781633533882
['The Loving Push: How Parents and Professionals Can Help Spectrum Kids Become Successful Adults'],"
Grandin,Temple,PH.D.",28.05,33.05,144,['HATHERLEIGH PR                '],Paperback,28/04/2015,['37 copies available'],https://opentrolley.com.sg/Book_Detail.aspx?EAN=9781941765203
['Tech Generation: Raising Balanced Kids in a Hyper-Connected World'],"
Brooks,Mike",35.66,42.01,448,['RH CANADA                     '],Hardcover,23/01/2018,['2167 copies available'],https://opentrolley.com.sg/Book_Detail.aspx?EAN=9780190665296
['American Fix: Inside the Opioid Addiction Crisis - And How to End It'],"
Hampton,Ryan",38.53,45.39,272,['AMER PSYCHOLOGICAL ASSN       '],Hardcover,28/07/2009,['3740 copies available'],https://opentrolley.com.sg/Book_Detail.aspx?EAN=9781250196262
